{
    "cameras": {
        "IMG_20251112_112433.jpg": {
            "R": [
                [
                    1.0,
                    0.0,
                    0.0
                ],
                [
                    0.0,
                    1.0,
                    0.0
                ],
                [
                    0.0,
                    0.0,
                    1.0
                ]
            ],
            "t": [
                0.0,
                0.0,
                0.0
            ],
            "intrinsics": {
                "fx": 1080.0,
                "fy": 1080.0,
                "cx": 540.0,
                "cy": 720.0
            }
        },
        "IMG_20251112_112440.jpg": {
            "R": [
                [
                    0.9910570796615964,
                    0.0442337729926653,
                    0.1258937575079139
                ],
                [
                    -0.048166274194434075,
                    0.9984365104237486,
                    0.0283644968768055
                ],
                [
                    -0.12444225521443539,
                    -0.03417466868429112,
                    0.9916381482866945
                ]
            ],
            "t": [
                -0.9965728521347046,
                0.007951580919325352,
                -0.08123776316642761
            ],
            "intrinsics": {
                "fx": 1080.0,
                "fy": 1080.0,
                "cx": 540.0,
                "cy": 720.0
            }
        },
        "IMG_20251112_112446.jpg": {
            "R": [
                [
                    0.965323470633177,
                    0.0736552713610883,
                    0.25045059002813774
                ],
                [
                    -0.07980124131863368,
                    0.9967059182675541,
                    0.014459404359689914
                ],
                [
                    -0.24856057396281311,
                    -0.033944270373013945,
                    0.9680213983069387
                ]
            ],
            "t": [
                -2.1959447860717773,
                0.003980464767664671,
                -0.007551679853349924
            ],
            "intrinsics": {
                "fx": 1080.0,
                "fy": 1080.0,
                "cx": 540.0,
                "cy": 720.0
            }
        },
        "IMG_20251112_112453.jpg": {
            "R": [
                [
                    0.9292214396760499,
                    0.14750557260809682,
                    0.3388061718681152
                ],
                [
                    -0.15406612036976325,
                    0.9880312277477331,
                    -0.007610752230685473
                ],
                [
                    -0.33587370632512886,
                    -0.04512647831223644,
                    0.9408254111972935
                ]
            ],
            "t": [
                -3.4987447261810303,
                0.3663736879825592,
                0.376151978969574
            ],
            "intrinsics": {
                "fx": 1080.0,
                "fy": 1080.0,
                "cx": 540.0,
                "cy": 720.0
            }
        },
        "IMG_20251112_112501.jpg": {
            "R": [
                [
                    0.8296011313686839,
                    0.2068903030233791,
                    0.5186119602811857
                ],
                [
                    -0.19862865613873246,
                    0.9774130841750086,
                    -0.07218254528636917
                ],
                [
                    -0.5218319842557765,
                    -0.04312847549348249,
                    0.8519573433038107
                ]
            ],
            "t": [
                -5.108458518981934,
                0.9029577970504761,
                1.783270239830017
            ],
            "intrinsics": {
                "fx": 1080.0,
                "fy": 1080.0,
                "cx": 540.0,
                "cy": 720.0
            }
        },
        "IMG_20251112_112507.jpg": {
            "R": [
                [
                    0.7798678520571691,
                    0.2309743843472063,
                    0.5817705450632289
                ],
                [
                    -0.23968528226325747,
                    0.968783140904643,
                    -0.06332607176603586
                ],
                [
                    -0.5782361963714482,
                    -0.09005586973853263,
                    0.8108839877143441
                ]
            ],
            "t": [
                -6.229223251342773,
                1.0058776140213013,
                2.1691806316375732
            ],
            "intrinsics": {
                "fx": 1080.0,
                "fy": 1080.0,
                "cx": 540.0,
                "cy": 720.0
            }
        },
        "IMG_20251112_112512.jpg": {
            "R": [
                [
                    0.7165792298411354,
                    0.2695822271133199,
                    0.6433036842618792
                ],
                [
                    -0.2768920980732211,
                    0.9564502806257487,
                    -0.09237763103444688
                ],
                [
                    -0.6401913568495711,
                    -0.11192981513229222,
                    0.7600175939407955
                ]
            ],
            "t": [
                -7.115180492401123,
                1.445988416671753,
                2.9577174186706543
            ],
            "intrinsics": {
                "fx": 1080.0,
                "fy": 1080.0,
                "cx": 540.0,
                "cy": 720.0
            }
        },
        "IMG_20251112_112518.jpg": {
            "R": [
                [
                    0.6404253525252035,
                    0.3096271401499825,
                    0.7028416620587542
                ],
                [
                    -0.32434813791095485,
                    0.9385584926418045,
                    -0.11792472736301046
                ],
                [
                    -0.6961707069941002,
                    -0.15244339924210298,
                    0.7015036398699922
                ]
            ],
            "t": [
                -7.815848350524902,
                1.8308826684951782,
                3.5756921768188477
            ],
            "intrinsics": {
                "fx": 1080.0,
                "fy": 1080.0,
                "cx": 540.0,
                "cy": 720.0
            }
        },
        "IMG_20251112_112524.jpg": {
            "R": [
                [
                    0.5006892562316732,
                    0.35303485987771094,
                    0.7903648881404709
                ],
                [
                    -0.358935176093882,
                    0.9155330878834607,
                    -0.18156184718445015
                ],
                [
                    -0.7877028678738119,
                    -0.19278369407629023,
                    0.5851142104253421
                ]
            ],
            "t": [
                -8.594615936279297,
                2.3792574405670166,
                4.790937423706055
            ],
            "intrinsics": {
                "fx": 1080.0,
                "fy": 1080.0,
                "cx": 540.0,
                "cy": 720.0
            }
        },